{
  "status": "TIME_CAP",
  "initial_incumbent": 699,
  "final_incumbent": 699,
  "best_tour": [
    0,
    1,
    2,
    3,
    4,
    5,
    6,
    7,
    8,
    9,
    10,
    11,
    12,
    13,
    14,
    15,
    16,
    17,
    18,
    19,
    20,
    21,
    22,
    23,
    24,
    25,
    26,
    27,
    28,
    29,
    30,
    31,
    32,
    33,
    34,
    35,
    36,
    37,
    38,
    39,
    40,
    41
  ],
  "proof_complete": false,
  "unique_states": 19472,
  "state_updates": 20861,
  "states_expanded": 1438,
  "candidate_extensions": 49560,
  "bound_prunes": 24694,
  "dominance_prunes": 4006,
  "stale_pops": 34,
  "peak_frontier": 19389,
  "runtime_seconds": 5.000104778999997,
  "mst_cache_hits": 14489,
  "mst_cache_misses": 35072,
  "held_karp_state_count": 45079976738816,
  "unique_pct_of_held_karp": 4.319434349493283e-08,
  "state_cap": 25000,
  "time_cap_seconds": 5.0
}
