{
  "status": "STATE_CAP",
  "initial_incumbent": 7013,
  "final_incumbent": 7013,
  "best_tour": [
    0,
    7,
    17,
    3,
    21,
    16,
    1,
    2,
    15,
    20,
    19,
    18,
    9,
    8,
    10,
    4,
    14,
    5,
    6,
    11,
    12,
    13
  ],
  "proof_complete": false,
  "unique_states": 212768,
  "state_updates": 300000,
  "states_expanded": 44214,
  "candidate_extensions": 630281,
  "bound_prunes": 99410,
  "dominance_prunes": 230872,
  "stale_pops": 7282,
  "peak_frontier": 248505,
  "runtime_seconds": 7.27649577699998,
  "mst_cache_hits": 490651,
  "mst_cache_misses": 139631,
  "held_karp_state_count": 22020096,
  "unique_pct_of_held_karp": 0.9662446521577381,
  "state_cap": 300000,
  "time_cap_seconds": 20.0
}
