{
  "status": "STATE_CAP",
  "initial_incumbent": 2020,
  "final_incumbent": 2020,
  "best_tour": [
    0,
    20,
    12,
    15,
    23,
    7,
    26,
    22,
    6,
    24,
    18,
    10,
    21,
    13,
    16,
    17,
    14,
    3,
    9,
    19,
    1,
    2,
    28,
    25,
    4,
    8,
    11,
    5,
    27
  ],
  "proof_complete": false,
  "unique_states": 86043,
  "state_updates": 100000,
  "states_expanded": 10304,
  "candidate_extensions": 228183,
  "bound_prunes": 89888,
  "dominance_prunes": 38296,
  "stale_pops": 644,
  "peak_frontier": 89052,
  "runtime_seconds": 7.678204526999991,
  "mst_cache_hits": 125824,
  "mst_cache_misses": 102360,
  "held_karp_state_count": 3758096384,
  "unique_pct_of_held_karp": 0.002289536808218275,
  "state_cap": 100000,
  "time_cap_seconds": 10.0
}
