{
  "status": "PROVED",
  "initial_incumbent": 937,
  "final_incumbent": 937,
  "best_tour": [
    0,
    1,
    2,
    3,
    5,
    4,
    6,
    7,
    8,
    9,
    13,
    14,
    11,
    12,
    10,
    15,
    18,
    19,
    17,
    16,
    20,
    21,
    25,
    22,
    23,
    24
  ],
  "proof_complete": true,
  "unique_states": 20038,
  "state_updates": 21321,
  "states_expanded": 20038,
  "candidate_extensions": 355308,
  "bound_prunes": 325948,
  "dominance_prunes": 8040,
  "stale_pops": 1283,
  "peak_frontier": 7210,
  "runtime_seconds": 7.20152295699998,
  "mst_cache_hits": 218831,
  "mst_cache_misses": 136478,
  "held_karp_state_count": 419430400,
  "unique_pct_of_held_karp": 0.004777431488037109,
  "state_cap": 300000,
  "time_cap_seconds": 20.0
}
