{
  "status": "TIME_CAP",
  "initial_incumbent": 1610,
  "final_incumbent": 1610,
  "best_tour": [
    0,
    23,
    12,
    15,
    26,
    7,
    22,
    6,
    24,
    18,
    10,
    21,
    16,
    13,
    17,
    14,
    3,
    9,
    19,
    1,
    20,
    4,
    28,
    2,
    25,
    8,
    11,
    5,
    27
  ],
  "proof_complete": false,
  "unique_states": 62005,
  "state_updates": 68485,
  "states_expanded": 14421,
  "candidate_extensions": 306994,
  "bound_prunes": 221416,
  "dominance_prunes": 17094,
  "stale_pops": 765,
  "peak_frontier": 53299,
  "runtime_seconds": 10.00070636800001,
  "mst_cache_hits": 160736,
  "mst_cache_misses": 146259,
  "held_karp_state_count": 3758096384,
  "unique_pct_of_held_karp": 0.0016499044639723642,
  "state_cap": 100000,
  "time_cap_seconds": 10.0
}
