{
  "status": "PROVED",
  "initial_incumbent": 1272,
  "final_incumbent": 1272,
  "best_tour": [
    0,
    11,
    3,
    22,
    8,
    12,
    13,
    19,
    1,
    14,
    18,
    21,
    17,
    16,
    9,
    4,
    20,
    7,
    23,
    5,
    6,
    2,
    10,
    15
  ],
  "proof_complete": true,
  "unique_states": 22398,
  "state_updates": 23939,
  "states_expanded": 22398,
  "candidate_extensions": 351865,
  "bound_prunes": 320220,
  "dominance_prunes": 7707,
  "stale_pops": 1541,
  "peak_frontier": 8748,
  "runtime_seconds": 6.349165633000013,
  "mst_cache_hits": 211581,
  "mst_cache_misses": 140285,
  "held_karp_state_count": 96468992,
  "unique_pct_of_held_karp": 0.023217823194420856,
  "state_cap": 300000,
  "time_cap_seconds": 20.0
}
